id,name,model_id:id,group_id:id,perm_read,perm_write,perm_create,perm_unlink
access_student_information_user,student.information,model_student_information,school_management.group_school_management_user,1,1,1,0
access_student_information_manager,student.information,model_student_information,school_management.group_school_management_admin,1,1,1,1
access_student_study_history_user,student_study_history_manager,model_student_study_history,school_management.group_school_management_user,1,1,1,0
access_student_study_history_manager,student_study_history_manager,model_student_study_history,school_management.group_school_management_admin,1,1,1,1
access_other_school_user,other_school_manager,model_others_school,school_management.group_school_management_user,1,1,1,0
access_other_school_manager,other_school_manager,model_others_school,school_management.group_school_management_admin,1,1,1,1
access_class_information_user,class_information_manager,model_class_information,school_management.group_school_management_user,1,1,1,0
access_class_information_manager,class_information_manager,model_class_information,school_management.group_school_management_admin,1,1,1,1
access_draft_reason_manager,draft_reason_manager,model_draft_reason,base.group_user,1,1,1,1
